YEAR,DOY,T2M,RH2M,PRECTOTCORR
2021,1,18.87,81.29,0.16
2021,2,19.86,84.14,0.29
2021,3,20.95,82.54,0.15
2021,4,21.01,80.6,0.06
2021,5,20.98,86.53,0.48
2021,6,21.7,86.4,13.31
2021,7,21.16,87.96,4.22
2021,8,22.02,85.13,0.16
2021,9,22.21,83.32,0.05
2021,10,21.39,82.98,0
2021,11,20.86,82.66,0.01
2021,12,20.05,82.01,0.09
2021,13,20.66,77.67,0.12
2021,14,20.41,79.63,0.22
2021,15,21.23,76.72,0.04
2021,16,21.45,72.58,0
2021,17,21.12,74.65,0
2021,18,20.16,73.55,0
2021,19,20.17,74.28,0
2021,20,20.87,71.24,0
2021,21,22.27,71.25,0
2021,22,22.55,72.91,0
2021,23,21.83,71.33,0
2021,24,21.05,69.06,0
2021,25,19.72,66.74,0
2021,26,19.64,61.53,0
2021,27,19.19,65.51,0
2021,28,20.04,68.92,0
2021,29,21.06,69.02,0
2021,30,21.74,67.06,0
2021,31,21.63,62.62,0
2021,32,20.36,60.89,0
2021,33,20.87,66.47,0
2021,34,21.49,68.2,0
2021,35,21.07,63.85,0
2021,36,20.61,63.04,0
2021,37,20.6,60.9,0
2021,38,20.16,50.85,0
2021,39,19.81,58.62,0
2021,40,19.69,61.61,0
2021,41,19.5,55.57,0
2021,42,20.07,58.48,0
2021,43,20.3,57.87,0
2021,44,20.54,57.24,0
2021,45,20.8,55.54,0
2021,46,21.85,55.69,0
2021,47,22.52,57.46,0
2021,48,22.71,56.9,0
2021,49,22.23,60.86,0.01
2021,50,22.06,62.7,6.02
2021,51,21.47,73.36,9.12
2021,52,20.95,74.29,2.17
2021,53,22.36,63.27,0.15
2021,54,23.46,61.13,0.03
2021,55,23.55,57.56,0
2021,56,23.98,54.32,0
2021,57,23.89,50.27,0
2021,58,24.5,49.84,0
2021,59,24.14,48.03,0
2021,60,23.39,50.3,0
2021,61,23.94,51.82,0
2021,62,23.73,45.48,0
2021,63,22.64,48.88,0
2021,64,23.17,47.2,0
2021,65,24.47,46.94,0
2021,66,24.6,49.87,0
2021,67,24.44,49.27,0
2021,68,24.54,48.44,0
2021,69,25.74,53.42,0
2021,70,26.65,51.34,0.03
2021,71,25.5,45.2,0.04
2021,72,24.75,45.44,0
2021,73,25.4,47.05,0
2021,74,25.79,43.48,0
2021,75,26.34,41.85,0
2021,76,26.25,38.61,0
2021,77,25.43,46.56,0
2021,78,25.29,41.81,0
2021,79,25.85,36.75,0
2021,80,26.3,37.38,0
2021,81,27.02,38.25,0
2021,82,27.4,42.89,0
2021,83,27.75,43.64,0
2021,84,27.68,40,0.02
2021,85,28.31,39.19,0
2021,86,26.96,47.38,0
2021,87,26.84,46.37,0
2021,88,28.28,41.15,0
2021,89,29.12,37.04,0
2021,90,30.7,29.83,0
2021,91,29.02,30.24,0
2021,92,28.95,30.31,0
2021,93,30.67,31.43,0
2021,94,30.1,32.16,0.15
2021,95,30.06,38.93,0.15
2021,96,28.84,44.42,0
2021,97,29.07,38.33,0
2021,98,28.62,31.95,0
2021,99,28.41,37.74,0
2021,100,28.21,44.51,0
2021,101,28.45,47.89,0
2021,102,28.5,50.64,1.77
2021,103,27.98,51.56,1.49
2021,104,26.99,57.58,6.21
2021,105,24.89,73.13,13.55
2021,106,26.11,63.5,0.15
2021,107,26.98,59.81,0.01
2021,108,27.32,56.76,0
2021,109,27.3,60.5,0.51
2021,110,26.79,61.44,0.91
2021,111,26.57,66.22,5.12
2021,112,27.07,61.35,0.91
2021,113,25.97,66.39,25.15
2021,114,26.57,65.13,5.78
2021,115,27.16,59.96,1.04
2021,116,25.62,65.95,0.02
2021,117,26.66,61.03,0
2021,118,27.07,58.54,0.01
2021,119,27.76,55.64,0.05
2021,120,26.77,61.4,0.95
2021,121,26.69,64.91,2.14
2021,122,26.86,62.4,0.04
2021,123,27.28,60.82,0.11
2021,124,27.55,61.03,0.03
2021,125,28.23,58.02,0.02
2021,126,28.07,57.91,0.01
2021,127,27.79,59.65,1.44
2021,128,27.96,57.84,0
2021,129,28.64,56.78,0.01
2021,130,28.4,59.52,0.26
2021,131,27.27,66.44,0.23
2021,132,27.02,70.17,13.46
2021,133,26,75.75,7.8
2021,134,27.2,65,2.78
2021,135,24.81,75.47,0.96
2021,136,25.6,74.03,0.14
2021,137,26.98,67.47,0.26
2021,138,26.55,68.18,0.45
2021,139,25.33,80.84,75.59
2021,140,24.37,79.53,20.55
2021,141,23.76,80.22,14.05
2021,142,24.23,78.4,3.21
2021,143,24.76,76.87,0.51
2021,144,23.97,75.43,0.06
2021,145,23.04,85.96,9.37
2021,146,24.1,76.2,0.3
2021,147,24.33,74.16,0.01
2021,148,25.25,70.03,0
2021,149,25.36,70.37,4.03
2021,150,25.2,72.95,3.02
2021,151,25.59,73.43,0.56
2021,152,25.85,74.98,4.62
2021,153,25.23,77.55,1.42
2021,154,24.72,79.01,15.48
2021,155,23.61,86.32,21.55
2021,156,22.23,84.36,12.96
2021,157,24.09,72.91,0.19
2021,158,23.23,78.89,0.63
2021,159,24.83,72.28,0.03
2021,160,24.15,77.55,1.42
2021,161,24.29,74.73,0.02
2021,162,23.32,77.79,0
2021,163,22.52,75.53,1.69
2021,164,22.95,72.7,1.37
2021,165,22.68,77.64,0.65
2021,166,22.59,79.81,0.98
2021,167,23.88,75.01,0.73
2021,168,23.84,78.15,0.9
2021,169,23.1,78.68,0.01
2021,170,23.52,79.59,0.01
2021,171,23.76,76.14,0
2021,172,24.33,74.53,0.04
2021,173,24.13,75.69,0.17
2021,174,24.49,75.38,4.74
2021,175,24.26,74.27,1.19
2021,176,23.58,74.05,0
2021,177,23.69,74.48,1.19
2021,178,21.82,74.63,0.53
2021,179,24.15,68.14,0.18
2021,180,25.75,70.26,0.19
2021,181,25.61,76.84,1.57
2021,182,23.77,87.65,30
2021,183,23.53,84.52,4.36
2021,184,23.68,80.84,2.83
2021,185,23.3,83.4,34.49
2021,186,24.04,79.99,2.07
2021,187,23.77,84.16,0.46
2021,188,23.06,86.64,0.92
2021,189,23.18,85.38,8.63
2021,190,23.25,84.45,13.18
2021,191,21.77,82.02,0.91
2021,192,21.44,82.45,0.04
2021,193,21.76,81.82,0.08
2021,194,23.28,81.39,2.36
2021,195,22.86,84.45,14.16
2021,196,22.54,83.56,6.93
2021,197,23.49,82.08,10.03
2021,198,22.87,86.8,27.91
2021,199,22.52,88.74,9.26
2021,200,23.4,81.26,2.47
2021,201,23.27,80.76,0.62
2021,202,23.1,80.93,1.19
2021,203,22.42,83.54,1.19
2021,204,23.44,79.71,0.36
2021,205,23.8,80.99,3.23
2021,206,22.95,84.99,20.32
2021,207,22.92,83.06,4.25
2021,208,23.17,80.97,1.38
2021,209,23.61,78.15,0.04
2021,210,23.23,79.96,0
2021,211,22.82,82.26,0
2021,212,23.24,80.53,0.07
2021,213,23.3,79.24,0.01
2021,214,23.14,76.92,0.1
2021,215,23.27,79.09,0.16
2021,216,23.44,79.82,0.16
2021,217,23.58,79.41,2.28
2021,218,23.92,79.98,6.58
2021,219,24.01,81.77,2.1
2021,220,24.11,80.69,0.81
2021,221,24.12,81.35,6.82
2021,222,22.65,86.33,14.78
2021,223,23.5,82.8,0.77
2021,224,22.74,85.15,0.99
2021,225,23.14,82.43,4.65
2021,226,22.52,83.69,0.47
2021,227,22.19,81.94,0.01
2021,228,22.87,79.91,4.15
2021,229,23.51,78.24,1.18
2021,230,22.99,77.37,0.79
2021,231,22.29,77.31,1.46
2021,232,22.36,79.88,6.54
2021,233,22.4,81.17,7.71
2021,234,23.2,79.65,4.09
2021,235,23.02,85.11,1.31
2021,236,23.54,80.21,5.74
2021,237,23.62,80.26,2.19
2021,238,24,82.53,2.48
2021,239,23.41,86,19.32
2021,240,22.79,83.01,6.15
2021,241,22.48,77.98,2.53
2021,242,22,80.41,0.24
2021,243,23.3,77.63,0.55
2021,244,23.25,80,9.29
2021,245,22.49,87.06,18.05
2021,246,22.6,80.97,10.82
2021,247,22.14,86.15,4.79
2021,248,22.58,83.12,4.62
2021,249,21.93,80.18,6.25
2021,250,22.02,81.85,0.45
2021,251,22.68,83.53,1.71
2021,252,23,81.33,0.18
2021,253,22.98,82.59,0
2021,254,22.93,83.35,0.09
2021,255,23.13,82.17,0.36
2021,256,23.1,83.4,0.08
2021,257,23.62,82,0.01
2021,258,23.5,82.63,0.51
2021,259,23.54,82.44,0.02
2021,260,23.87,79.02,0.09
2021,261,24.22,76.14,0.11
2021,262,23.56,82.01,14.74
2021,263,23.36,85.24,16.66
2021,264,23.07,83.55,4.29
2021,265,23.12,83,3.63
2021,266,23.03,83.65,4.67
2021,267,23.78,82.11,2.69
2021,268,23.18,85.86,12.66
2021,269,21.95,86.96,1.26
2021,270,22.83,82.78,2.01
2021,271,21.58,84.45,1.64
2021,272,22.27,81.71,7.15
2021,273,23.26,78.63,1.49
2021,274,23.7,82.97,1.41
2021,275,23.33,85.5,4.28
2021,276,23.14,83.19,7.85
2021,277,22.97,85.5,14.57
2021,278,23.05,87.12,20.18
2021,279,22.78,87.53,4.32
2021,280,24.06,81.66,2.75
2021,281,23.33,88.97,10.82
2021,282,22.96,88.74,6.57
2021,283,22.77,87.04,5.55
2021,284,23.23,84.75,7.83
2021,285,22.59,87.1,10.82
2021,286,22.56,87.22,3.53
2021,287,23.36,82.94,15.48
2021,288,23.4,86.61,16.17
2021,289,23.58,87.46,8.15
2021,290,22.22,90.53,3.48
2021,291,23.13,87.69,2.52
2021,292,22.87,84.43,3.61
2021,293,23.16,86.4,4.2
2021,294,22.99,89.36,4.89
2021,295,23.17,86.9,2.8
2021,296,22.89,86.19,5.4
2021,297,22.46,85,5.53
2021,298,22.13,86.76,0.44
2021,299,22.41,85.3,0.6
2021,300,21.92,84.5,0.09
2021,301,21.65,82.91,0.01
2021,302,21.39,87.46,2.71
2021,303,22.05,87.82,3.11
2021,304,22.04,88.62,1.77
2021,305,21.71,89.69,2.04
2021,306,21.42,88.4,3.39
2021,307,21.73,87.75,0.97
2021,308,22.05,88.06,17.84
2021,309,22.22,85.96,8.81
2021,310,21.69,88.94,1.55
2021,311,21.56,90.23,5.42
2021,312,20.57,93.34,2.21
2021,313,20.54,89.66,0.27
2021,314,19.8,86.38,3
2021,315,18.65,90.86,19.01
2021,316,19.87,92.88,10.91
2021,317,22.57,84.72,5.19
2021,318,22.32,90.28,5.24
2021,319,22.98,88.16,22.96
2021,320,22.48,89.35,5.99
2021,321,22.08,89.94,5.58
2021,322,19.7,92.65,34.11
2021,323,21.89,93.42,20.05
2021,324,22.08,91.97,5.01
2021,325,21.76,82.52,5.44
2021,326,21.55,87.6,0.6
2021,327,22.13,88.97,0.25
2021,328,21.98,86.12,2.97
2021,329,21.12,88.19,0.72
2021,330,21.29,87.03,1.97
2021,331,20.8,89.97,1
2021,332,20.03,91.44,5.2
2021,333,20.25,90.37,2.14
2021,334,21.02,88.26,1.13
2021,335,21.71,87.75,0.13
2021,336,21.8,85.94,0.08
2021,337,21.18,84.92,0.1
2021,338,21.72,80.07,0.19
2021,339,22.22,82.17,0.16
2021,340,21.46,86.94,0.71
2021,341,21.62,85.32,0.08
2021,342,20.68,82.77,0.03
2021,343,21.88,85.37,4.38
2021,344,20.57,85.14,0.23
2021,345,20.82,87.6,0.35
2021,346,20.66,87.26,0.54
2021,347,20.9,87.83,1.43
2021,348,20.11,87.69,0.55
2021,349,20.14,85.28,0.02
2021,350,19.96,84.29,0
2021,351,19.69,82.23,0
2021,352,18.22,80.39,0
2021,353,17.08,79.4,0
2021,354,17.15,81.45,0
2021,355,18.15,74,0
2021,356,17.69,78.01,0
2021,357,17.96,76.31,0
2021,358,17.61,73.09,0
2021,359,18.31,77.05,0
2021,360,18.7,80.71,0
2021,361,18.48,81.15,0
2021,362,18.48,82.94,0
2021,363,18.96,82.45,0
2021,364,19.49,83.39,1.49
2021,365,20.63,86.54,3.07
2022,1,20.72,85.66,1.16
2022,2,20.2,83.39,0.06
2022,3,19.63,78.96,0
2022,4,19.48,81.36,0
2022,5,19.59,77.66,0
2022,6,19.83,80.79,0
2022,7,20.39,81.7,0
2022,8,20.76,81.81,0
2022,9,20.89,80.97,0
2022,10,20.22,77.92,0
2022,11,20.61,77.77,0
2022,12,21.12,80.29,0
2022,13,21.43,79.51,0
2022,14,21.59,78.49,0.03
2022,15,22.13,73.33,0.02
2022,16,21.72,78.88,0.03
2022,17,21.22,78.42,0.01
2022,18,20.6,75.65,0
2022,19,20.16,72.14,0
2022,20,20.17,63.92,0
2022,21,21.21,63.12,0
2022,22,20.62,65.11,0
2022,23,20.01,69.45,0.01
2022,24,20.13,62.8,0
2022,25,20.92,71.47,0.35
2022,26,21.42,81.19,0.49
2022,27,21.49,75.83,0.03
2022,28,20.75,73.84,0.01
2022,29,21.24,74.44,0
2022,30,22.71,71.88,0
2022,31,23.6,69.69,0
2022,32,23.02,70.03,0
2022,33,22.24,65.8,0
2022,34,21.57,69.01,0
2022,35,22.14,63.54,0
2022,36,22.14,66.78,0
2022,37,22.92,71.58,0
2022,38,22.54,69.43,0
2022,39,22.43,66.73,0
2022,40,21.81,66.42,0
2022,41,21.45,57.94,0
2022,42,21.69,56.93,0
2022,43,22.06,63.41,0
2022,44,21.41,61.85,0
2022,45,21.72,63.43,0
2022,46,22.15,66.03,0
2022,47,22.76,62.5,0
2022,48,22.68,62.15,0
2022,49,22.71,61.18,0
2022,50,22.97,58.34,0
2022,51,23.8,55.62,0
2022,52,24.62,60.03,0
2022,53,24.97,56.08,0
2022,54,23.45,58.48,0
2022,55,22.54,54.16,0
2022,56,22.44,49.27,0
2022,57,21.63,54.72,0
2022,58,23.31,58.58,0
2022,59,22.87,53.38,0
2022,60,23.43,49.46,0
2022,61,22.92,38.76,0
2022,62,22.8,40.86,0
2022,63,23.39,36.74,0
2022,64,23.82,45.38,0
2022,65,23.9,52.91,0
2022,66,23.23,54.4,0.02
2022,67,24.97,49.96,0
2022,68,25.82,45.63,0
2022,69,25.83,40.23,0
2022,70,25.63,32.85,0
2022,71,25.81,30.83,0
2022,72,25.37,34.05,0
2022,73,26.4,37.56,0
2022,74,26.72,35.25,0
2022,75,26.47,36.02,0
2022,76,27.12,30.23,0
2022,77,27.81,33.16,0
2022,78,28.46,35.43,0
2022,79,26.19,57.19,0.97
2022,80,26.76,58.02,5.15
2022,81,26.26,62.97,5.57
2022,82,27.65,54.59,0.1
2022,83,27.35,56.16,0.06
2022,84,27.88,49.84,0.01
2022,85,28.27,49.76,0.03
2022,86,28.81,48.62,0.01
2022,87,28.85,47.73,0
2022,88,29.64,43.4,0
2022,89,30,40.22,0.02
2022,90,30.16,38.39,0
2022,91,29.91,38.47,0.1
2022,92,28.72,43.09,0.22
2022,93,28.59,44.73,0
2022,94,28.61,46.34,0
2022,95,28.07,44.87,0
2022,96,28.11,40.52,0.04
2022,97,27.39,48.96,2.48
2022,98,28.1,52.25,1.19
2022,99,27.96,53.89,0.11
2022,100,28.56,44.78,0
2022,101,27.88,47.5,0
2022,102,29.05,44.14,0.01
2022,103,27.56,56.46,2.69
2022,104,25.23,62.32,14.91
2022,105,27.76,56.89,0.07
2022,106,28.72,54.39,3.15
2022,107,26.82,65.49,13.3
2022,108,26.48,60.74,8.37
2022,109,26.05,66.78,2.04
2022,110,28.1,55.37,0.03
2022,111,27.45,59.52,0
2022,112,26.78,61.66,0.01
2022,113,25.93,65.9,1.07
2022,114,27.73,52.58,0.01
2022,115,27.65,53.84,0
2022,116,28.44,46.97,0.01
2022,117,28.83,50.75,0
2022,118,29.18,49.88,0
2022,119,29.94,47.9,0.01
2022,120,29.98,49.96,0.64
2022,121,30.31,52.38,9.84
2022,122,28.76,62.16,6.72
2022,123,27.77,63.48,3.23
2022,124,28.44,60.84,1.02
2022,125,27.11,65.39,2.93
2022,126,27.4,62.09,7.53
2022,127,27.35,64.03,12.12
2022,128,27.81,62.57,1.56
2022,129,27.31,65.58,3.55
2022,130,26.4,68.95,7.82
2022,131,25.2,73.35,8.85
2022,132,24.54,76.26,2.19
2022,133,25.61,73.96,1.32
2022,134,25.35,76.35,5
2022,135,24.21,84.68,14.04
2022,136,25.13,81.11,26.3
2022,137,25.1,71.44,50.97
2022,138,24.38,79.89,12.48
2022,139,22.64,87.21,1.89
2022,140,22.05,82.12,1.17
2022,141,23.51,75.97,0.59
2022,142,24.39,77.29,0.02
2022,143,25.31,75.7,0
2022,144,26.15,73.19,0
2022,145,26.3,71.36,0.05
2022,146,25.46,73.94,0.5
2022,147,24.38,76.25,0.12
2022,148,24.5,73.33,0.01
2022,149,24.83,69.24,0.01
2022,150,25.28,71.11,6.19
2022,151,23.55,78.83,1.95
2022,152,23.49,79.46,0.18
2022,153,25.09,73.28,0.15
2022,154,24.96,74.95,3.77
2022,155,24.32,75.55,5.06
2022,156,24.87,76.26,8.16
2022,157,24.37,76.62,6.53
2022,158,24.71,76.44,1.66
2022,159,24.56,75.07,0.03
2022,160,25.28,70.31,0.01
2022,161,24.79,72.59,0.01
2022,162,24.6,70.64,0.01
2022,163,23.66,71.84,1.12
2022,164,24.04,73.8,2.69
2022,165,24.15,78.12,16.45
2022,166,23.32,80.65,17.03
2022,167,23.18,84.05,8.7
2022,168,21.74,84.67,35.02
2022,169,22.02,86.81,5.41
2022,170,23.17,86.05,20.12
2022,171,23.2,79.53,5.87
2022,172,23.01,81.91,2.26
2022,173,22.32,85.63,1.74
2022,174,23.15,80.31,0.11
2022,175,22.26,84.76,0.01
2022,176,22.67,81.21,0.49
2022,177,23.12,79.43,0.02
2022,178,23.81,76.61,0
2022,179,23.95,77.12,0.01
2022,180,24.13,79.52,6.76
2022,181,23.57,82.75,3.4
2022,182,23.2,84.03,1.23
2022,183,22.83,84.87,0.25
2022,184,23.52,81.4,0.02
2022,185,22.44,83.42,0.67
2022,186,22.37,84.1,2.16
2022,187,22.56,81.81,1.58
2022,188,22.55,83.8,4.29
2022,189,22.27,82.37,2.47
2022,190,22.61,83.41,4.81
2022,191,22.93,80.17,0.94
2022,192,23.11,80.01,2.12
2022,193,22.79,80.38,0.81
2022,194,22.87,78.86,1.14
2022,195,22.43,78.31,0.44
2022,196,23.32,76.98,0.19
2022,197,23.57,80.63,11.71
2022,198,23.09,81.89,4.27
2022,199,22.68,82.1,4.04
2022,200,22.95,82.54,0.52
2022,201,23.77,81.67,22.88
2022,202,23.26,84.52,6.52
2022,203,22.51,86.68,7.44
2022,204,22.84,82.61,0.1
2022,205,22.99,80.88,0.03
2022,206,22.91,80.91,1.29
2022,207,22.22,84.1,3.95
2022,208,22.88,85.09,6.1
2022,209,24.1,78.61,1.5
2022,210,23.39,80.18,5.15
2022,211,24.39,76.57,10.64
2022,212,24.02,84.58,13.87
2022,213,23.93,84.35,26.64
2022,214,23.89,83.76,14.82
2022,215,22.77,83.4,27.73
2022,216,22.06,85.69,11.6
2022,217,22.62,84.42,5.41
2022,218,22.5,84.33,4.52
2022,219,22.28,86.36,2.11
2022,220,22.39,85.48,1.59
2022,221,22.49,81.48,0.56
2022,222,22.1,81.41,0.11
2022,223,22.64,82.13,0.4
2022,224,22.86,81.25,0.09
2022,225,22.2,82.48,0.01
2022,226,22.82,78.98,0
2022,227,23.63,78.49,0.01
2022,228,24.23,76.83,0.02
2022,229,24.05,79.47,0.26
2022,230,22.91,86.48,238.99
2022,231,23.02,84.18,23.68
2022,232,22.87,83.98,0.02
2022,233,22.87,85.15,5.33
2022,234,22.83,85.48,2.93
2022,235,23.28,83.66,1.03
2022,236,22.86,84.98,5.15
2022,237,22.28,86.29,18.22
2022,238,22,90.52,44.42
2022,239,22.02,89.28,12.91
2022,240,22.53,86.92,13.11
2022,241,22.84,89.66,29.57
2022,242,23.67,86.74,1.59
2022,243,22.53,90.56,4.88
2022,244,23.1,83.85,3.5
2022,245,23.3,85.24,5.13
2022,246,24.24,82.53,8.36
2022,247,23.57,89.64,45.37
2022,248,24.12,83.96,19.12
2022,249,23.13,86.43,26.9
2022,250,22.26,88.64,9.56
2022,251,22.06,89.52,8.73
2022,252,22.3,90.33,0.41
2022,253,22.27,88.73,0.67
2022,254,21.95,88.36,0.06
2022,255,22.07,86.68,0
2022,256,22.48,87.81,2.2
2022,257,22.21,88.65,4.68
2022,258,21.9,88.61,0.92
2022,259,22.62,87.24,0.03
2022,260,22.37,87.76,0
2022,261,22.75,86.23,0.13
2022,262,22.52,86.55,0.01
2022,263,21.41,82.76,0
2022,264,22.02,84.6,0.01
2022,265,22.14,81.47,0
2022,266,21.42,84.75,0
2022,267,22.26,84.27,2.48
2022,268,22.68,82.71,0.46
2022,269,23.04,86.46,2.84
2022,270,22.21,87.8,2.39
2022,271,22.47,85.5,2.87
2022,272,21.87,87.46,1.78
2022,273,21.27,89.82,9.58
2022,274,21.54,87.97,4.84
2022,275,21.43,86.06,0.21
2022,276,22.07,86.38,0.01
2022,277,22.02,88.88,0.01
2022,278,21.64,91.06,14.08
2022,279,21.97,87.63,0.55
2022,280,22.16,85.87,0.54
2022,281,21.47,87.17,2.28
2022,282,22,89.22,6.41
2022,283,23.23,88.5,21.57
2022,284,22.98,89.62,7.53
2022,285,22.99,88.71,4.13
2022,286,22.91,88.68,19.08
2022,287,23.62,84.27,10.06
2022,288,22.98,88.47,14.02
2022,289,23.36,88.52,21.75
2022,290,23.43,89.33,2.89
2022,291,23.19,87.66,5.91
2022,292,23.06,85.27,17.21
2022,293,22.95,86.27,21.66
2022,294,22.45,87.28,1.06
2022,295,21.98,87.45,0.33
2022,296,20.94,83.79,0.01
2022,297,18.96,76.05,0
2022,298,19.07,70.96,0
2022,299,19.7,71.17,0
2022,300,19.66,78.36,0.01
2022,301,20.95,86.9,0.38
2022,302,21.67,87.82,3.85
2022,303,21.64,86.69,0.26
2022,304,20.31,88.26,0
2022,305,20.21,93.18,9.71
2022,306,20.12,89.63,5.57
2022,307,20.3,85.56,5.47
2022,308,20.56,86.1,1.62
2022,309,20.62,84.18,0.85
2022,310,20.77,88.35,0.72
2022,311,20.02,82.15,0.1
2022,312,20.75,87.6,0
2022,313,21.37,84.77,0
2022,314,21.39,84.91,0.88
2022,315,20.02,88.59,7.09
2022,316,20.35,91.92,11.57
2022,317,20.77,89.24,5.72
2022,318,21.33,88.72,1.74
2022,319,21.59,87.62,1.1
2022,320,20.8,86.23,0
2022,321,18.65,78.06,0
2022,322,17.62,75.28,0
2022,323,17.79,79.84,0
2022,324,17.37,77.83,0
2022,325,16.92,87.67,0.03
2022,326,20.16,89.71,3.96
2022,327,21.37,89.41,7.75
2022,328,21.63,87.46,2.37
2022,329,21.4,86.21,0.58
2022,330,21.57,84.52,0.08
2022,331,21.94,83.69,0.03
2022,332,22.06,85.45,0.05
2022,333,21.26,83.85,0.02
2022,334,18.66,78.73,0
2022,335,20.8,87.83,0.3
2022,336,21.93,86.09,0.12
2022,337,21.77,85.71,0
2022,338,21.29,86.33,0.01
2022,339,20.85,87.18,0.03
2022,340,20.64,84.93,0
2022,341,19.11,80.51,0
2022,342,17.31,77.64,0.03
2022,343,17.79,83.38,7.26
2022,344,19.26,93.76,34.95
2022,345,21.04,90.83,9.96
2022,346,20.8,92.76,29.05
2022,347,21.12,89.84,7.23
2022,348,20.79,86.79,0.86
2022,349,20.03,79.32,0.03
2022,350,19.25,76.11,0
2022,351,19.9,84.12,0
2022,352,20.55,86.92,0
2022,353,17.88,84.75,0
2022,354,18.84,81.31,0
2022,355,18.39,75.49,0
2022,356,17.5,77.37,0
2022,357,19.35,84.27,0
2022,358,20.47,83.55,0.01
2022,359,21.29,87.92,5.17
2022,360,21.19,87.28,1.09
2022,361,21.09,87.3,0.5
2022,362,21.5,85.92,0.07
2022,363,20.79,82.26,0
2022,364,19.25,78.02,0
2022,365,18.84,73.82,0
2023,1,18.53,76.63,0
2023,2,18.57,81.34,0
2023,3,18.94,80.9,0
2023,4,19.22,80.99,0
2023,5,18.78,81.13,0
2023,6,18.89,83.05,0
2023,7,19.36,82.9,0
2023,8,19.3,80.76,0
2023,9,18.05,71.84,0
2023,10,16.62,74.99,0
2023,11,17.17,71.12,0
2023,12,17.92,65.4,0
2023,13,18.12,71.58,0
2023,14,17.89,68.49,0
2023,15,17.84,68.45,0
2023,16,18.39,68.26,0
2023,17,18.05,70.56,0
2023,18,18.29,73.7,0
2023,19,18.23,70.27,0
2023,20,18.16,79.29,0
2023,21,19.34,76.61,0
2023,22,18.87,70.86,0
2023,23,20.13,79.09,0.01
2023,24,20.98,75.82,0.18
2023,25,19.7,72.94,0.04
2023,26,19.3,70.88,0
2023,27,18.98,67.89,0
2023,28,18.54,63.64,0
2023,29,19.14,67.93,0
2023,30,20.89,76.99,0
2023,31,21.23,70.23,0
2023,32,21.21,65.42,0
2023,33,20.91,66.39,0
2023,34,21.8,68.59,0.02
2023,35,22.43,66.01,0.25
2023,36,22.26,59.22,0
2023,37,21.4,63.84,0
2023,38,21.2,63.89,0
2023,39,22.06,61.95,0
2023,40,21.74,61.56,0
2023,41,21.82,62.36,0
2023,42,21.94,56.14,0
2023,43,22.52,51.88,0
2023,44,21.99,49.12,0
2023,45,21.57,54.11,0
2023,46,21.49,53.67,0
2023,47,21.76,52.86,0
2023,48,21.42,57.93,0
2023,49,21.63,58.81,0
2023,50,22.06,59.3,0
2023,51,22.33,53.76,0
2023,52,22.52,52.44,0
2023,53,22.47,52.07,0
2023,54,21.61,51.75,0
2023,55,21.69,47.05,0
2023,56,22.58,39.21,0
2023,57,22.51,43.36,0
2023,58,21.53,50.01,0
2023,59,22.07,51.97,0
2023,60,23.85,56.23,0
2023,61,22.13,45.57,0
2023,62,22.1,43.88,0
2023,63,22.63,38.93,0
2023,64,22.93,39.07,0
2023,65,23.01,38.91,0
2023,66,23.21,39.53,0
2023,67,23.36,44.32,0
2023,68,22.66,46.32,0
2023,69,23.39,46.29,0
2023,70,24.05,49.61,0
2023,71,24.13,50.79,0
2023,72,25.23,49.79,0
2023,73,25.92,42.04,0
2023,74,26.64,46.19,0
2023,75,26.32,55.69,0.43
2023,76,24,70.81,17.9
2023,77,24.65,71.42,6.89
2023,78,24.85,67.81,7.89
2023,79,24.89,57.62,1.48
2023,80,24.04,47.21,0.02
2023,81,24.77,47.31,0
2023,82,26.83,52.1,0.2
2023,83,26.81,57.34,0.93
2023,84,25.7,67.57,1.49
2023,85,25.73,65.58,0.89
2023,86,26.6,58.1,0.43
2023,87,27.5,53.03,0.05
2023,88,27.77,55.6,0.55
2023,89,27.29,55.19,0.76
2023,90,27.59,50.58,0
2023,91,27.12,53.43,0.21
2023,92,27.67,53.21,0.53
2023,93,28.34,48.42,0.2
2023,94,26.26,62.97,7.53
2023,95,27.05,59.49,0.68
2023,96,27.19,52.24,0.08
2023,97,26.87,52.28,0
2023,98,26.54,50.93,0
2023,99,26.71,48.02,0
2023,100,27.36,46.57,0
2023,101,27.58,34.86,0
2023,102,27.02,33.87,0
2023,103,28.88,27.2,0
2023,104,28.34,28.79,0
2023,105,28.42,30.05,0
2023,106,27.88,33.91,0
2023,107,28.3,31.27,0
2023,108,28.72,33.73,0
2023,109,29.02,35.1,0
2023,110,30.24,34.99,0
2023,111,30.16,41.28,0.36
2023,112,29.62,46.07,2.74
2023,113,28.42,54.25,2.06
2023,114,28.21,52.99,0.35
2023,115,27.88,49.99,0.43
2023,116,28.07,51.17,0.01
2023,117,28.51,49.52,0
2023,118,29.09,46.23,0.01
2023,119,27.96,56.71,12.69
2023,120,26.51,67.15,1.95
2023,121,24.41,78.9,17.21
2023,122,25.42,73.04,2.14
2023,123,25.56,73.72,1.87
2023,124,24.75,75.59,8.44
2023,125,23.04,84.99,22.85
2023,126,23.83,80.99,3.83
2023,127,24.48,80.3,15.73
2023,128,24.6,79.76,5.71
2023,129,26.62,71.52,0.48
2023,130,27.29,65.02,0.04
2023,131,27.79,63.65,0.01
2023,132,28.05,63.55,5.17
2023,133,27.4,65.87,0
2023,134,28.21,64.77,0
2023,135,28.35,62.61,0.3
2023,136,28.66,59.2,0.26
2023,137,29.4,48.21,0.83
2023,138,29.29,52.95,0.06
2023,139,27.4,64.8,0.01
2023,140,27.63,65,1.85
2023,141,27.7,67.02,10.02
2023,142,28,63.47,2.9
2023,143,27.18,64.86,4.04
2023,144,26.34,67.66,0.78
2023,145,26.66,68.18,2.64
2023,146,27.38,64.95,1.23
2023,147,27.63,63.38,0.43
2023,148,27.92,60.34,0.1
2023,149,28.34,58.54,0.01
2023,150,26.22,70.95,11.13
2023,151,26.78,66.95,15.29
2023,152,26.1,70.34,8.32
2023,153,25.76,65.18,1.39
2023,154,28.04,63.65,0
2023,155,27.85,64.81,0.01
2023,156,26.24,71.14,0.01
2023,157,27.02,69.33,0.77
2023,158,26.66,70.21,1.66
2023,159,25.07,74.53,0.48
2023,160,26.07,69.63,5.86
2023,161,25.97,67.01,0.16
2023,162,26.26,66.54,0.01
2023,163,25.89,73.9,17.72
2023,164,26.43,69.74,0.06
2023,165,26.15,69.55,0.36
2023,166,27.04,65.7,0.03
2023,167,27.25,64.4,0.03
2023,168,26.7,66.91,0.04
2023,169,25.18,72.95,0.09
2023,170,24.95,74.63,3
2023,171,24.58,77.28,11.28
2023,172,23.83,80.71,17.12
2023,173,25.19,72.44,10.89
2023,174,24.35,70.19,2.47
2023,175,23.46,80.66,0.1
2023,176,23.97,79.43,1.31
2023,177,24.06,69.79,0.41
2023,178,24.13,69.59,1.07
2023,179,24.59,67.44,0.04
2023,180,24.14,73.18,15.3
2023,181,24.74,68.23,0.21
2023,182,24.36,69.36,1.11
2023,183,23.45,78.99,2.35
2023,184,23.74,79.68,2
2023,185,23.55,81.15,4.77
2023,186,22.76,78.77,0.82
2023,187,23.17,74.78,0.11
2023,188,24.12,75.76,2.34
2023,189,23.91,75.39,1.67
2023,190,24.37,74.53,1.12
2023,191,23.88,77.24,4.22
2023,192,24.05,72.74,8.85
2023,193,23.94,70.69,6.89
2023,194,23.93,72.57,7.74
2023,195,23.93,75.52,0.45
2023,196,24.2,73.86,0.88
2023,197,24.78,74.88,0.04
2023,198,24.72,74.93,0.08
2023,199,25.01,71.83,0.01
2023,200,24.22,74.78,0.1
2023,201,24.37,73.51,0.1
2023,202,23.92,78.03,0.07
2023,203,24.12,74.01,2.62
2023,204,24.13,74.91,1.33
2023,205,23.11,82.1,6.94
2023,206,22.19,83.33,9.18
2023,207,22.54,83.91,4.37
2023,208,22.44,79.91,0.14
2023,209,24.12,74.43,0.33
2023,210,24.68,72.27,0.1
2023,211,25.12,70.97,0.01
2023,212,25.44,70.58,0
2023,213,24.98,71.59,0
2023,214,24.9,70.25,0
2023,215,25.23,70.11,0
2023,216,25.23,70.8,0.05
2023,217,25.21,69.67,0.01
2023,218,25.2,72.48,0.75
2023,219,25.48,68.55,0.79
2023,220,25.42,69.1,0.04
2023,221,25.69,69.25,3.61
2023,222,24.72,75.78,8.78
2023,223,24.78,75.53,6.87
2023,224,24.95,72.26,0.46
2023,225,25.38,68.72,0.11
2023,226,24.76,68.83,0.02
2023,227,25.05,69.23,0.21
2023,228,25.83,67.96,0.17
2023,229,25.63,67.5,0
2023,230,24.88,69.41,0
2023,231,25.06,70.47,3.68
2023,232,25.73,68.72,0.08
2023,233,26.15,65.07,0.02
2023,234,25.78,70.76,1.32
2023,235,25.72,70.03,0.87
2023,236,25.7,66.44,0.01
2023,237,26.59,65.04,0
2023,238,24.83,74.07,2.1
2023,239,25.34,71.7,4.62
2023,240,26,65.56,0.19
2023,241,26.2,65.39,0.42
2023,242,26.3,69.32,5.91
2023,243,24.33,78.26,24.84
2023,244,24.07,85.11,18.54
2023,245,23.26,83.89,13.36
2023,246,23.12,79.31,2.88
2023,247,22.15,78.67,1.67
2023,248,23.34,78.72,7.96
2023,249,23.08,80.92,3.59
2023,250,23.22,77.75,2.34
2023,251,23.62,76.77,0.31
2023,252,23.68,76.62,0.81
2023,253,24,77.58,0.44
2023,254,23.54,79.91,0.42
2023,255,24.02,76.38,0.87
2023,256,24.45,72.22,4.49
2023,257,24.24,74.66,0.56
2023,258,23.3,76.84,0.22
2023,259,24.14,77.79,22.37
2023,260,24.23,79.41,10.14
2023,261,23.93,81.3,12.75
2023,262,24.37,78.67,2.29
2023,263,23.65,82.25,8.95
2023,264,22.21,87.94,17.78
2023,265,24.01,83.03,1.08
2023,266,23.3,87.69,1.14
2023,267,22.78,88.99,17.96
2023,268,21.94,88.87,3.51
2023,269,23.29,84.1,6.22
2023,270,23.42,80.3,1.5
2023,271,22.35,85.74,2.7
2023,272,22.86,84.89,0.89
2023,273,22.5,78.31,1.65
2023,274,23.34,79.94,0.26
2023,275,23.5,78.2,0.35
2023,276,23.81,76.74,0
2023,277,24.2,74.55,0.12
2023,278,23.68,82.26,0.22
2023,279,23.46,81.41,0.43
2023,280,24.45,79.65,2.23
2023,281,24.43,76.24,1.88
2023,282,24.19,84.04,12.02
2023,283,23.86,86.72,16.63
2023,284,23.17,86.39,5.73
2023,285,22.99,77.04,0.13
2023,286,22.71,72.33,0.02
2023,287,22.82,76.59,0.82
2023,288,23.45,76.4,1.97
2023,289,23.08,83.74,7.93
2023,290,23.9,78.52,0.18
2023,291,23.39,77.75,0.19
2023,292,23.58,72.69,0
2023,293,23.84,74.35,0
2023,294,23.92,75.04,0.03
2023,295,23.93,72.35,0.01
2023,296,23.34,62.23,0
2023,297,22.58,54.78,0
2023,298,22.76,65.71,0
2023,299,22.9,66.52,0
2023,300,23.76,70.61,0
2023,301,24.11,74.2,0.02
2023,302,23.96,78.45,0.73
2023,303,22.43,84.5,4.87
2023,304,22.52,80.85,0.68
2023,305,23.75,71.07,0.01
2023,306,24.33,75.63,0
2023,307,24.67,75.46,1.43
2023,308,23.59,80.72,9.78
2023,309,23.38,80.82,2.41
2023,310,22.57,84.05,15.2
2023,311,22.92,87.44,14.83
2023,312,23.21,83.33,2.75
2023,313,21.91,82.61,1.97
2023,314,22.32,80.06,0.66
2023,315,22.73,70.21,0
2023,316,21.8,72.96,0
2023,317,22.17,75.51,0.06
2023,318,21.24,74.86,0.2
2023,319,22.41,74.97,0.03
2023,320,23.53,68.97,0
2023,321,23.99,72.46,0
2023,322,24.23,69.92,0
2023,323,23.69,71.31,0
2023,324,23.29,73.29,0
2023,325,23.3,81.16,0.33
2023,326,23.81,82.39,6.48
2023,327,23.1,79.89,2.8
2023,328,23.59,80.53,2.44
2023,329,23.2,80.64,1.3
2023,330,22.95,75.62,0.42
2023,331,23.29,76.21,0.47
2023,332,23.55,74.94,0.14
2023,333,23.02,79.49,2.4
2023,334,22.83,78.56,1.96
2023,335,23.01,77.08,0.4
2023,336,23.1,76.81,2.97
2023,337,22.99,83.8,3.13
2023,338,22.51,80.6,4.86
2023,339,22.96,74.96,1.48
2023,340,23.94,69.85,0.79
2023,341,24.4,75.7,2.5
2023,342,22.91,83.37,0.14
2023,343,22.14,79.77,0.13
2023,344,23.37,71.79,0.03
2023,345,22.86,70.75,0.04
2023,346,22.07,70.08,0.03
2023,347,20.93,69.8,0
2023,348,20.79,68.88,0
2023,349,22.24,74.55,0.12
2023,350,23.62,76.17,0.19
2023,351,22.44,76.16,0.06
2023,352,21.89,76.92,0.03
2023,353,21.65,70.29,0
2023,354,21.8,69.16,0
2023,355,22.6,71.23,0
2023,356,22.57,66.5,0
2023,357,20.65,63.98,0
2023,358,21.33,69.65,0
2023,359,22.57,69.52,0.01
2023,360,21.15,64.59,0
2023,361,21.1,65.59,0
2023,362,21.81,71.73,0
2023,363,22.39,71.92,0
2023,364,22.3,64.82,0.01
2023,365,21.19,64.84,0
2024,1,21.79,66.01,0
2024,2,22.42,65.44,0
2024,3,22.27,67.87,0.01
2024,4,21.31,76.24,0.13
2024,5,22.83,71.45,0.08
2024,6,22.68,63.46,0.02
2024,7,22.07,69.71,0.24
2024,8,22.07,76.51,2.55
2024,9,21.82,73.88,0.32
2024,10,22.03,64.75,0.01
2024,11,22.2,61.36,0
2024,12,21.92,67.84,0
2024,13,23.11,65.34,0
2024,14,23.01,62.41,0
2024,15,22.66,62.3,0
2024,16,22.47,63.77,0
2024,17,22.64,62.55,0
2024,18,22.87,60.5,0
2024,19,23.26,59.9,0
2024,20,24.38,61.49,0
2024,21,24.3,55.99,0
2024,22,24.69,56.86,0
2024,23,24.02,58.65,0
2024,24,24.67,58.14,0
2024,25,24.33,58.3,0
2024,26,23.48,55.6,0
2024,27,23.4,57.28,0
2024,28,23.36,57.43,0
2024,29,23.32,50.92,0
2024,30,23.19,49.81,0
2024,31,24.46,53.75,0
2024,32,24.97,50.47,0
2024,33,25.87,58.5,0
2024,34,26.01,59.42,0
2024,35,24.62,54.71,0
2024,36,24.4,52.11,0
2024,37,24.68,50.93,0
2024,38,24.82,47.97,0
2024,39,25.54,43.08,0
2024,40,24.94,50.18,0
2024,41,24.8,54.69,0
2024,42,24.37,53.62,0
2024,43,23.72,49.69,0
2024,44,23.64,54.16,0
2024,45,25.01,54.3,0
2024,46,24.36,48.11,0
2024,47,23.95,48.35,0
2024,48,24.41,43.7,0
2024,49,24.82,40.29,0
2024,50,25.16,46.88,0
2024,51,25.94,47.8,0
2024,52,26.83,43.26,0
2024,53,26.81,37.48,0
2024,54,27.94,41.9,0
2024,55,27.94,50.85,0
2024,56,27.01,53.84,0
2024,57,25.77,53.68,0
2024,58,26.26,51.5,0
2024,59,26.17,43.44,0
2024,60,25.22,37.74,0
2024,61,25.11,44.27,0
2024,62,26.16,34.8,0
2024,63,26.53,37.82,0
2024,64,27.48,42.52,0
2024,65,27.79,39.04,0
2024,66,27.96,34.72,0
2024,67,27.51,32.7,0
2024,68,28.38,33.42,0
2024,69,28.7,36.9,0
2024,70,28.17,42.9,0
2024,71,27.71,46.56,0
2024,72,27.92,42.51,0
2024,73,28.33,36.4,0
2024,74,29.15,35.74,0
2024,75,29.74,32.72,0
2024,76,28.32,39.85,0
2024,77,27.58,41.89,0
2024,78,27.58,35.71,0
2024,79,27.92,35.08,0
2024,80,27.99,39.81,0
2024,81,27.62,48.86,0
2024,82,28.26,47.77,0
2024,83,28.7,45.02,0
2024,84,28.52,37.38,0
2024,85,28.14,37.94,0
2024,86,28.38,32,0
2024,87,27.77,24.91,0
2024,88,28.3,28.23,0
2024,89,28.96,35.78,0
2024,90,28.97,32.79,0
2024,91,28.01,34.86,0
2024,92,28.77,43.72,0
2024,93,29.86,42.01,0
2024,94,29.63,34.74,0.01
2024,95,29.91,37.18,0
2024,96,30.47,34.14,0
2024,97,30.22,29.35,0
2024,98,30.1,29.66,0
2024,99,29.83,33.49,0
2024,100,28.98,45.72,0
2024,101,29.14,44.24,0
2024,102,29.5,45.52,0
2024,103,29.38,48.41,0.09
2024,104,28.89,45.34,0
2024,105,29.35,42.68,0
2024,106,29.46,40.4,0
2024,107,29.86,41.01,0
2024,108,31.1,39.48,0
2024,109,32.38,35.6,0
2024,110,32.25,38.4,0
2024,111,32.29,35.34,0
2024,112,31.51,36.31,0
2024,113,31.04,38.53,0
2024,114,30.74,36.86,0
2024,115,30.14,34.09,0
2024,116,30.56,35.82,0
2024,117,30.35,37.95,0
2024,118,30.17,36.2,0
2024,119,31.01,33.9,0
2024,120,31.13,34.72,0
2024,121,31.18,33.28,0
2024,122,32.19,40.26,0
2024,123,31.55,46.53,0.39
2024,124,32.08,46.05,2.79
2024,125,30.68,53.19,4.16
2024,126,31.51,45.24,0.08
2024,127,31.11,50.47,7.09
2024,128,29.33,61.21,5.19
2024,129,27.81,67.26,13.68
2024,130,27.9,65,3.35
2024,131,27.24,66.12,0.29
2024,132,27.78,62.43,4.72
2024,133,27.58,66.51,6.78
2024,134,26.59,72.13,13.03
2024,135,26.72,67.12,1.44
2024,136,27.93,59.1,0.39
2024,137,26.27,67.07,5.4
2024,138,27.07,62.09,2.23
2024,139,26.35,72.27,9.96
2024,140,25.47,77.32,6.36
2024,141,24.26,74.87,8.68
2024,142,25.3,75.09,10
2024,143,27.22,66.64,3.97
2024,144,27.76,66.14,0.15
2024,145,27.48,68.09,0.7
2024,146,23.97,78.53,1.03
2024,147,25.76,72.11,0
2024,148,26.18,71.83,0
2024,149,26.91,67.32,0
2024,150,26.38,70.88,0.04
2024,151,26.81,73.37,4.17
2024,152,27.73,69.5,0.07
2024,153,26.79,76.94,3.46
2024,154,25.43,76.2,40.31
2024,155,25.77,75.81,5.84
2024,156,25.52,80.04,6.31
2024,157,25.08,81.88,14.12
2024,158,24.8,79.55,5.84
2024,159,24.39,79.88,18.93
2024,160,24.68,76.33,1.67
2024,161,24.1,77.24,0.31
2024,162,23.85,77.15,5.98
2024,163,23.05,75.23,2.59
2024,164,23.19,76.47,0.54
2024,165,23.52,70.07,2.94
2024,166,23.26,67.88,1.49
2024,167,24.43,75.55,0
2024,168,24.99,70.76,3.29
2024,169,24.99,70.14,8.99
2024,170,24.54,74.7,7.31
2024,171,23.9,75.73,9.54
2024,172,24.04,76.7,2.11
2024,173,23.39,78.43,3.07
2024,174,23.53,77.45,0.19
2024,175,23.14,80.35,1.19
2024,176,23.15,79.01,0.04
2024,177,22.96,76.03,0.12
2024,178,22.6,72.34,0.2
2024,179,21.71,75.45,0.03
2024,180,23.17,70.67,0.02
2024,181,24.5,75.07,1.3
2024,182,24.12,74.09,0.29
2024,183,22.67,79.96,1.5
2024,184,24.44,68.84,0.01
2024,185,24.21,77.65,1.33
2024,186,25,72.65,1.25
2024,187,23.21,76.78,3.89
2024,188,23.3,81.21,0.52
2024,189,24.09,74.45,1.7
2024,190,23.61,76.58,6.31
2024,191,23.33,79.82,0.24
2024,192,23.77,78.23,1.32
2024,193,24.59,72.48,0
2024,194,23.68,74.28,8.3
2024,195,23.06,77.05,1.01
2024,196,23.54,77.38,1.15
2024,197,23.41,83.47,3.28
2024,198,23.28,83.89,0.94
2024,199,23.16,81.76,1.35
2024,200,22.87,82.43,3.79
2024,201,23.41,81.24,2.78
2024,202,23.5,79.93,1.57
2024,203,23.95,77.52,1.9
2024,204,23.87,74.93,0.65
2024,205,23.7,74.24,0.69
2024,206,23.28,77.29,0.85
2024,207,23.47,76.68,1.31
2024,208,23.74,76.51,1.25
2024,209,23.92,74.42,0.04
2024,210,24.11,75.17,0
2024,211,24.83,76.06,0.64
2024,212,23.67,80.98,1.85
2024,213,24.15,80.81,10.13
2024,214,24.59,78.23,2.38
2024,215,23.9,76.65,1.37
2024,216,23.11,78.88,0.28
2024,217,22.97,80.31,1.59
2024,218,24.2,76.69,10.98
2024,219,23.47,84.08,15.89
2024,220,23.06,84.39,3.1
2024,221,23.87,78.59,2.29
2024,222,24.52,78.73,4.41
2024,223,24.24,80.97,7.89
2024,224,24.13,82.21,7.35
2024,225,23.47,89.22,73.08
2024,226,25.07,81.26,5.34
2024,227,25.2,80.58,0.17
2024,228,25.11,78.63,3.68
2024,229,25.21,80.85,3.51
2024,230,24.68,86.66,4.03
2024,231,24.71,79.4,2.7
2024,232,24.44,81.31,3.09
2024,233,24.65,81.28,11.78
2024,234,24.22,83.68,0.88
2024,235,23.63,84.28,0.01
2024,236,23.9,81.4,0
2024,237,23.08,81.14,0.19
2024,238,23.04,83.49,0.19
2024,239,23.74,78.99,0.02
2024,240,22.98,84.27,1.36
2024,241,22.7,82.71,0.13
2024,242,23.53,82.54,10.45
2024,243,22.87,86.58,7.47
2024,244,22.57,83.17,4.21
2024,245,22.91,78.88,0.83
2024,246,22.85,78.69,3.62
2024,247,23.73,80.39,1.5
2024,248,23.5,83.56,1.76
2024,249,23.42,84.37,1.89
2024,250,23.44,83.69,3.1
2024,251,23.32,83.74,0.58
2024,252,23.43,81.96,0.15
2024,253,24.06,79.45,0.19
2024,254,23.99,80.44,0.56
2024,255,23.94,78.03,0.04
2024,256,23.36,79.58,0
2024,257,24.15,75.02,0
2024,258,24.32,73.26,0
2024,259,24.25,73.69,0
2024,260,23.91,75.21,0
2024,261,24.21,73.5,0
2024,262,23.71,71.61,0
2024,263,24.46,70.36,0.05
2024,264,24.51,73.93,0.66
2024,265,24.91,73.99,0.4
2024,266,24.12,77.18,7.02
2024,267,23.66,80.93,0.89
2024,268,23.96,82,7.5
2024,269,24.05,80.65,0.14
2024,270,23.34,78.1,0
2024,271,24.03,75.84,0.88
2024,272,24.43,77.61,6.65
2024,273,24.86,77.25,11.05
2024,274,24.85,74.34,0.06
2024,275,25.23,71,0.04
2024,276,25.74,74.57,16.43
2024,277,24.24,86.78,12.29
2024,278,23.56,88.22,15.23
2024,279,23.64,85.88,13.54
2024,280,21.57,88.67,7.69
2024,281,22.77,80.49,0.6
2024,282,23.56,83.42,5.68
2024,283,23.68,84.71,2.06
2024,284,23.55,84.57,1.75
2024,285,23.34,86.63,1.51
2024,286,22.71,88.12,7.32
2024,287,22.95,87.62,5.01
2024,288,22.56,86.91,9.57
2024,289,22.27,90.86,20.31
2024,290,22.09,92.1,22.76
2024,291,23.47,89.62,2.03
2024,292,22.53,83.82,7.63
2024,293,22.6,89.99,12.21
2024,294,23.21,85.94,10.78
2024,295,23.65,86.16,19.09
2024,296,23.84,83.77,7.19
2024,297,23.74,83.77,17.01
2024,298,22.95,86.25,3.68
2024,299,23.01,81.46,0.75
2024,300,22.06,79.41,0
2024,301,21.66,85.42,0.03
2024,302,22.47,80.11,0.03
2024,303,23.55,79.61,0
2024,304,23.84,81.77,1.7
2024,305,23.12,88.36,3.49
2024,306,23.33,86.25,0.28
2024,307,23.07,83.78,1.44
2024,308,22.74,84.06,0.51
2024,309,22.55,84.22,0.14
2024,310,21.81,81.66,1.32
2024,311,22.01,81.61,0
2024,312,22.89,85.4,0.02
2024,313,22.66,83.48,0
2024,314,21.87,83.65,0
2024,315,21.25,81.78,0
2024,316,20.97,80.24,0
2024,317,21.46,84.57,2.75
2024,318,22.54,86.86,0.82
2024,319,22.68,86.35,4.69
2024,320,22.42,88.31,3.41
2024,321,22.39,87.44,4.57
2024,322,22.3,84.27,0.21
2024,323,22.42,83.73,0.02
2024,324,22.1,81.83,0.01
2024,325,21.33,80.95,0
2024,326,21.3,75.73,0
2024,327,20.88,80.05,0
2024,328,20.95,76.81,0
2024,329,21.82,78.74,0
2024,330,20.5,80.35,0
2024,331,20.5,87.3,1.87
2024,332,21.49,81.47,0.18
2024,333,21.08,73.07,0
2024,334,20.94,85.17,0.08
2024,335,22.04,87.94,19.21
2024,336,21.37,93.28,18.18
2024,337,21.68,95.42,42.03
2024,338,22.75,91.01,8.16
2024,339,22.53,86.65,2.68
2024,340,22.52,86.26,0.48
2024,341,22.22,82.87,0.49
2024,342,22.4,85.31,0.03
2024,343,22.03,82.86,0
2024,344,22.14,84.98,0
2024,345,22.28,83.87,0
2024,346,22.12,84,0.08
2024,347,21.01,91.45,13.63
2024,348,20.92,88.31,0.61
2024,349,20.81,82.59,0.09
2024,350,18.63,81.78,0
2024,351,17.56,77.23,0
2024,352,19.9,79.26,0.47
2024,353,21.07,85.17,0.39
2024,354,22.74,84.57,0.18
2024,355,22.74,84.16,0.08
2024,356,23.63,77.28,0.41
2024,357,22.65,77.5,0.4
2024,358,21.99,79.4,0
2024,359,21.75,75.83,0
2024,360,21.8,80.79,0.44
2024,361,22.36,83.8,7.19
2024,362,21.66,84.3,5.04
2024,363,20.88,79.38,0.25
2024,364,20.86,78.6,0
2024,365,21.2,75.5,0
2024,366,20.78,75.91,0
2025,1,19.97,76.49,0
2025,2,19.98,76.3,0
2025,3,19.71,76.25,0
2025,4,18.66,73.47,0
2025,5,18.93,71.28,0
2025,6,19.14,70.74,0
2025,7,19.56,72.92,0
2025,8,19.12,70.38,0
2025,9,19.51,72.39,0
2025,10,20.64,76.33,0
2025,11,21.98,74.31,0
2025,12,22.07,70.91,0
2025,13,22.46,79.46,1.37
2025,14,22.33,73.69,0.25
2025,15,21.27,69.13,0.01
2025,16,20.89,72.33,0
2025,17,20.98,73.87,0
2025,18,21.12,71.97,1.19
2025,19,21.37,81.52,3.79
2025,20,21.62,65.9,0.05
2025,21,20.79,63.68,0
2025,22,21.39,67.14,0
2025,23,21.83,67.83,0
2025,24,20.68,64.64,0
2025,25,20.52,61.31,0
2025,26,19.55,56.57,0
2025,27,20.38,62.12,0
2025,28,20.77,63.05,0
2025,29,20.87,62,0
2025,30,21.03,57.53,0
2025,31,23.45,68.96,0
2025,32,23.62,66.52,0
2025,33,22.72,58.33,0
2025,34,21.36,53.72,0
2025,35,21.88,48.09,0
2025,36,21.86,53.62,0
2025,37,21.48,57.69,0
2025,38,21.89,56.29,0
2025,39,22.34,57.45,0
2025,40,22.31,61.32,0
2025,41,22.09,61.09,0
2025,42,22.2,54.78,0
2025,43,22.66,50.88,0
2025,44,23.1,44.57,0
2025,45,23.47,42.46,0
2025,46,23.77,48.14,0
2025,47,23.36,53.45,0
2025,48,23.82,53.8,0
2025,49,24.01,51.76,0
2025,50,24.76,47.44,0
2025,51,25.16,51.09,0
2025,52,25.08,51.56,0
2025,53,25.03,50.28,0
2025,54,24.83,43.85,0
2025,55,24.37,40.92,0
2025,56,24.03,51.09,0
2025,57,24.69,48.77,0
2025,58,24.19,46.6,0
2025,59,24.5,44.55,0
2025,60,25.89,49.72,0
2025,61,26.14,46.45,0
2025,62,26.3,46.69,0
2025,63,26.63,37.31,0
2025,64,26.67,34.66,0
2025,65,26.76,32.23,0
2025,66,25.68,26.09,0
2025,67,25.61,37.28,0
2025,68,25.88,40.68,0
2025,69,24.95,46.68,0
2025,70,24.59,60.21,1.02
2025,71,26.77,60.48,0.23
2025,72,27.51,47.09,0
2025,73,27.52,39.41,0
2025,74,26.32,40.95,0
2025,75,26.8,45.31,0
2025,76,28.57,49.04,0.04
2025,77,28.93,45.46,0
2025,78,27.88,49.1,0.01
2025,79,27.87,48.26,0.02
2025,80,28.3,51.07,0
2025,81,27.38,56.8,2.3
2025,82,26.99,58.87,2.03
2025,83,28.38,49.56,0.01
2025,84,27.71,41.98,0.06
2025,85,28.25,34.72,0
2025,86,28.85,36.52,0.01
2025,87,28.94,34.88,0.01
2025,88,28.57,28.45,0
2025,89,28.23,28.04,0
2025,90,28.11,34.4,0
2025,91,27.21,42.57,0
2025,92,27.31,48.59,0.01
2025,93,26.2,60.22,9.55
2025,94,27.46,49.84,0.02
2025,95,25.98,59.61,4.65
2025,96,27.19,51.1,0.17
2025,97,28.38,49.1,0
2025,98,27.99,44.51,0
2025,99,27.84,44.01,0
2025,100,27.6,45.32,0.14
2025,101,28.7,49.54,1.78
2025,102,27.7,56.28,6.23
2025,103,27.14,58.1,2.66
2025,104,27.05,58.06,2.65
2025,105,27.57,53.58,0.26
2025,106,27.75,59.23,7.75
2025,107,28.92,54.17,0.28
2025,108,27.9,59.43,0.05
2025,109,28.69,56.3,0.02
2025,110,29.53,48.62,0.39
2025,111,28.55,50.01,0.03
2025,112,29.05,39.64,0
2025,113,29.52,35.75,0.03
2025,114,29.98,41.67,0.01
2025,115,29.96,41.72,0
2025,116,29.36,45.37,0.03
2025,117,29.29,47.97,0.09
2025,118,29.33,47.63,0.23
2025,119,30.11,43.32,0
2025,120,29.67,45.56,0.05
2025,121,28.54,59.22,8.03
2025,122,28.41,58.34,3.93
2025,123,27.51,60.94,1.35
2025,124,27.24,56.13,0.06
2025,125,28.24,48.87,0.34
2025,126,28.78,52.95,0.58
2025,127,28.03,53.63,1.89
2025,128,27.12,60.73,4.78
2025,129,27.63,58.63,0.61
2025,130,27.43,59.25,0.7
2025,131,28.39,54.1,0.05
2025,132,27.51,61.91,4.31
2025,133,27,68.53,16.8
2025,134,26.97,67,0.52
2025,135,24.96,78.97,10.92
2025,136,25.54,74.71,19.45
2025,137,26.22,71.53,9.53
2025,138,24.56,82.92,51.48
2025,139,24.7,83.26,11.98
2025,140,24.65,83.72,32.14
2025,141,23.76,82.76,0.7
2025,142,23.89,78.77,0
2025,143,25.03,78.24,0.55
2025,144,24.4,79.74,0.41
2025,145,24.02,82.01,4.13
2025,146,23.1,83.21,4.45
2025,147,24.46,74.95,0.49
2025,148,23.92,77.54,1.37
2025,149,23.52,78.47,0.28
2025,150,23.24,81.52,6.65
2025,151,24.13,74.21,0.01
2025,152,24.13,72.8,0
2025,153,24.41,73.57,0.16
2025,154,24.5,72.23,0.38
2025,155,24.77,70.77,0.75
2025,156,24.38,66.08,0.09
2025,157,25.36,66.79,0.06
2025,158,26.01,70.59,0.02
2025,159,24.99,75.63,3.82
2025,160,25.27,73.94,4.25
2025,161,24.61,80.38,14.23
2025,162,24.55,82,5.77
2025,163,23.63,83.08,2.86
2025,164,23.68,87.38,4.47
2025,165,23.71,83.1,3.83
2025,166,22.7,79.34,0.14
2025,167,22.49,76.88,0.01
2025,168,24.05,75.12,0.17
2025,169,24.81,75.18,0.57
2025,170,24.5,77.93,0.24
2025,171,25,74.33,0.09
2025,172,24.91,74.9,0.07
2025,173,24.43,76.83,1.51
2025,174,24.05,72.74,0.13
2025,175,22.63,72.32,0
2025,176,23.54,74.53,0.08
2025,177,23.65,74,0.04
2025,178,24.26,74.23,0.07
2025,179,24.82,73.83,0.06
2025,180,24.93,72.17,0.01
2025,181,24.14,74.51,0
2025,182,24.3,75.55,0.03
2025,183,24.08,74.77,0.71
2025,184,23.97,71.96,1.61
2025,185,24.18,71.49,0.01
2025,186,24.46,72.58,0.03
2025,187,24.58,73.48,0.09
2025,188,24.35,74.48,0.05
2025,189,25.17,70.87,0.01
2025,190,25.19,70.61,0
2025,191,24.93,73.26,1.54
2025,192,25.24,73.75,1.36
2025,193,24.94,73.59,0.26
2025,194,24.5,75.95,7.74
2025,195,23.98,77.29,2.12
2025,196,24.46,74.78,0
2025,197,24.58,77.5,6.85
2025,198,23.73,82.02,11.44
2025,199,23.95,78.1,1.29
2025,200,22.74,79.9,5.13
2025,201,23.48,78.51,9.91
2025,202,21.84,79.71,6.61
2025,203,22.44,72.5,1.19
2025,204,23.2,77.72,0.43
2025,205,23.13,77.42,0.58
2025,206,23.38,74.17,0.4
2025,207,23.3,76.27,0.39
2025,208,23.44,72.84,0.03
2025,209,23.55,72.62,0.03
2025,210,23.8,72.82,0.14
2025,211,24.57,71.63,0.1
2025,212,25.21,71.74,0.42
2025,213,25.09,71.88,0.02
2025,214,25.17,72.28,0.57
2025,215,24.08,80.74,16.74
2025,216,23.64,81.94,10.77
2025,217,24.75,79.16,11.17
2025,218,23.56,86.18,8.1
2025,219,23.62,85.08,1.72
2025,220,23.23,86.33,18.45
2025,221,23.62,82.92,3.05
2025,222,22.96,84.01,22.02
2025,223,21.9,83.74,1.4
2025,224,22.13,79.32,2.79
2025,225,21.7,80.8,6.01
2025,226,22.56,81.3,1.47
2025,227,22.73,80.74,2.96
2025,228,22.63,83.4,3.4
2025,229,22.82,83.62,5.94
2025,230,22.25,82.72,1.28
2025,231,22.72,78.43,0.49
2025,232,22.66,79.52,0.21
2025,233,23.46,80.28,1.54
2025,234,23.43,81.59,2.39
2025,235,23.63,81.29,8.87
2025,236,24.1,75.47,0.02
2025,237,23.23,76.71,0
2025,238,23.93,75.29,0.03
2025,239,23.23,81.2,5.92
2025,240,23.22,78.01,1.87
2025,241,22.47,79.38,5.36
2025,242,23.35,81.06,0.25
2025,243,23.79,80.88,3.87
2025,244,23.26,81.97,8.53
2025,245,23.14,82.47,5.19
2025,246,23.47,82.21,7.67
2025,247,23.73,79.97,0.51
2025,248,23.46,80.95,0.02
2025,249,24.08,78.84,7.69
2025,250,23.88,79.37,1.85
2025,251,23.79,76.29,0.09
2025,252,24.72,78.57,0.44
2025,253,23.92,81.88,15.56
2025,254,22.82,84,6.37
2025,255,23.56,79.01,0.08
2025,256,23.31,84.88,0.42
2025,257,23.26,83.01,0.06
2025,258,23.23,83.2,1.61
2025,259,23.58,84.11,10.1
2025,260,22.68,89.98,15.06
2025,261,23.36,85.77,21.99
2025,262,22.31,87.47,35.77
2025,263,22.3,88.42,1.54
2025,264,23.09,85.72,3.81
2025,265,22.89,85.19,2.04
2025,266,22.58,84.23,0.18
2025,267,22.68,82.99,1.22
2025,268,22.75,82.51,2.65
2025,269,22.72,81.32,0.08
2025,270,21.34,84.18,0.42
2025,271,22.68,81.61,0.6
2025,272,23.14,79.98,0
2025,273,22.33,82.39,0
2025,274,23.33,80.12,0
2025,275,23.61,81.54,1.78
2025,276,22.97,86.04,18.41
2025,277,23.75,79.65,3.21
2025,278,23.63,79.32,12.19
2025,279,22.98,84.18,0.33
2025,280,22.95,81.2,0.01
2025,281,23.56,81.32,4.22
2025,282,23.67,83.01,9.92
2025,283,23.63,85.88,22.05
2025,284,23.27,84.7,10.97
2025,285,23.36,86.1,1.85
2025,286,23.32,85.9,1.21
2025,287,23.42,85.06,1.12
2025,288,23.06,85,1.27
2025,289,23.05,86.66,5.08
2025,290,22.99,87.05,1.79
2025,291,23.01,86.46,6.17
2025,292,22.92,84.11,0.76
2025,293,22.42,86.47,1.85
2025,294,22.07,87.66,14.51
2025,295,21.73,91.68,9.88
2025,296,22.71,86.22,7.61
2025,297,21.93,85.77,1.36
2025,298,22.77,77.07,0.15
2025,299,22.92,83.19,0.68
2025,300,21.77,90.03,3.54
2025,301,21.65,85.06,1.47
2025,302,21.63,82.55,0.56
2025,303,22.34,84.04,0.01
2025,304,22.71,79.39,0
2025,305,22.88,79.17,0
2025,306,22.56,82.99,0
2025,307,22.45,82.4,0.06
2025,308,22.28,80.62,0.03
2025,309,22.78,85.33,2.01
2025,310,20.52,93.23,8.12
2025,311,21.81,83.37,3.54
2025,312,20.7,80.08,0
2025,313,18.73,71.36,0
2025,314,20.44,75.53,0
2025,315,22.02,80.07,0.01
2025,316,22.22,78.61,0
2025,317,22.5,81.1,0
2025,318,20.96,76.89,0.01
2025,319,19.82,74.83,0
2025,320,20.94,79.42,0
2025,321,20.62,77.47,0.03
2025,322,19.38,86.19,1.49
2025,323,21.75,80.27,0.4
2025,324,21.28,73.47,0
2025,325,21.98,84.36,3.02
2025,326,22.1,84.55,1.59
2025,327,21.83,83.49,0.35
2025,328,22.21,80.2,0.04
2025,329,20.7,79.35,0
2025,330,20.37,76.41,0
2025,331,20.56,75.76,0
2025,332,19.49,76.89,0
2025,333,19.24,84.92,1.15
2025,334,20.07,89.93,2.7
2025,335,20.27,91.42,1.43
2025,336,20.72,91.21,8.09
2025,337,20.65,92.51,12.43
2025,338,21.26,90.81,6.81
2025,339,20.69,90.34,3.31
2025,340,20.27,86.12,0.26
2025,341,20.12,87.1,0.34
2025,342,18.56,83.12,0.1
2025,343,18.61,88.46,0.78
2025,344,18.77,81.12,0
2025,345,17.63,83.61,0.07
2025,346,17.19,85.38,0.11
2025,347,16.87,78.67,0
2025,348,16.6,80.44,0
2025,349,16.77,81.3,0
2025,350,18.19,90.5,1.17
2025,351,19.86,83.7,0.59
2025,352,17.05,81.2,0.1
2025,353,17.35,78.16,0
2025,354,17.34,80.43,0
2025,355,17.24,81.38,0
2025,356,17.91,81.65,0.17
2025,357,17.96,83.07,0.06
2025,358,17.87,82.01,0.01
2025,359,17.85,78.29,0
2025,360,18.65,80.98,0.19
